{
  "count": 6,
  "value": [
    {
      "id": 270,
      "rev": 4,
      "fields": {
        "System.AreaPath": "Azure Zero Trust",
        "System.TeamProject": "Azure Zero Trust",
        "System.IterationPath": "Azure Zero Trust",
        "System.WorkItemType": "Feature",
        "System.State": "New",
        "System.Reason": "New",
        "System.CreatedDate": "2020-03-22T16:14:43.573Z",
        "System.CreatedBy": "Vandy Rodrigues <vandyr@microsoft.com>",
        "System.ChangedDate": "2020-03-23T13:50:31.92Z",
        "System.ChangedBy": "Vandy Rodrigues <vandyr@microsoft.com>",
        "System.Title": "Supply Chain Risk Management for Zero Trust with Microsoft Azure",
        "Microsoft.VSTS.Scheduling.Effort": 0.0,
        "System.Description": "<a href=\"https://devblogs.microsoft.com/azuregov/supply-chain-risk-management-for-zero-trust-with-microsoft-azure-6-of-6/\">https://devblogs.microsoft.com/azuregov/supply-chain-risk-management-for-zero-trust-with-microsoft-azure-6-of-6/</a><div><br></div><div><h5 style=\"box-sizing:border-box;margin-top:0px;margin-bottom:0.5rem;font-family:&quot;Segoe UI&quot;;color:rgb(51, 51, 51);font-size:1.25rem;text-align:left;\"><strong style=\"box-sizing:border-box;font-weight:bolder;\">What is supply chain risk management?</strong></h5><p style=\"box-sizing:border-box;margin-top:0px;margin-bottom:1rem;color:rgb(51, 51, 51);font-family:&quot;Segoe UI&quot;, &quot;Segoe UI Web Regular&quot;, &quot;Segoe UI Regular WestEuropean&quot;, &quot;Segoe UI&quot;, Tahoma, Arial, Roboto, &quot;Helvetica Neue&quot;, sans-serif, &quot;Apple Color Emoji&quot;, &quot;Segoe UI Emoji&quot;, &quot;Segoe UI Symbol&quot;;font-size:17px;text-align:left;\">The Microsoft<span>&nbsp;</span><a href=\"https://download.microsoft.com/download/f/9/2/f92129bc-0d6e-4b8e-a47b-288432bae68e/Zero_Trust_Vision_Paper_Final%2010.28.pdf\" target=_blank style=\"box-sizing:border-box;color:rgb(0, 93, 166);text-decoration:underline;\">Zero Trust vision paper</a><span>&nbsp;</span>outlines three principles of Zero Trust- Verify Explicitly, Least Privilege Access and Assume Breach. Assume breach is a mindset we must take beyond the enterprise to consider our partners, contractors and suppliers. NIST SP 800-207 for Zero Trust Architectures recommends organizations “should evaluate service providers on a holistic basis by taking into consideration factors such as vendor security controls, enterprise switching costs, and supply chain risk management.”<a href=\"https://devblogs.microsoft.com/azuregov/supply-chain-risk-management-for-zero-trust-with-microsoft-azure-6-of-6/#_edn1\" style=\"box-sizing:border-box;color:rgb(0, 93, 166);text-decoration:underline;\">[i]</a><span>&nbsp;</span>Supply Chain Risk Management is the process of securing vendors, partners and supply chains to prevent disruption to the organization. Threat actors target these assets to gain a foothold in a network and attacks can include:</p><ul style=\"box-sizing:border-box;margin-top:0px;margin-bottom:1rem;color:rgb(51, 51, 51);font-family:&quot;Segoe UI&quot;, &quot;Segoe UI Web Regular&quot;, &quot;Segoe UI Regular WestEuropean&quot;, &quot;Segoe UI&quot;, Tahoma, Arial, Roboto, &quot;Helvetica Neue&quot;, sans-serif, &quot;Apple Color Emoji&quot;, &quot;Segoe UI Emoji&quot;, &quot;Segoe UI Symbol&quot;;font-size:17px;text-align:left;\"><li style=\"box-sizing:border-box;\">Compromise of software building tools to ensure malware is imprinted into all software generated from the building tools.</li><li style=\"box-sizing:border-box;\">Replacing software update repositories with malicious replicas that distribute malware across entire software ecosystems.</li><li style=\"box-sizing:border-box;\">Steal code-signing certificates to make malicious software appear as legitimate code.</li><li style=\"box-sizing:border-box;\">Intercept hardware shipments to inject malicious code into hardware, firmware, and field-programmable gate arrays (FPGAs).</li><li style=\"box-sizing:border-box;\">Pre-install malware onto IoT devices before they arrive to target organizations.</li></ul><h5 style=\"box-sizing:border-box;margin-top:0px;margin-bottom:0.5rem;font-family:&quot;Segoe UI&quot;;color:rgb(51, 51, 51);font-size:1.25rem;text-align:left;\"><strong style=\"box-sizing:border-box;font-weight:bolder;\">Defining Zero Trust governance based on federal standards</strong></h5><p style=\"box-sizing:border-box;margin-top:0px;margin-bottom:1rem;color:rgb(51, 51, 51);font-family:&quot;Segoe UI&quot;, &quot;Segoe UI Web Regular&quot;, &quot;Segoe UI Regular WestEuropean&quot;, &quot;Segoe UI&quot;, Tahoma, Arial, Roboto, &quot;Helvetica Neue&quot;, sans-serif, &quot;Apple Color Emoji&quot;, &quot;Segoe UI Emoji&quot;, &quot;Segoe UI Symbol&quot;;font-size:17px;text-align:left;\">Governance definition is a critical precursor to any Zero Trust initiative. For this blog we’ve leveraged TIC 3.0 Zero Trust principles and aligned with respective NIST SP 800-161 and NIST CSF controls. Our sixth focus point is supply chain risk management and these standards have a wealth of information aligned to this principle. The diagram below highlights the key takeaways and requirements from the standards.</p><ul style=\"box-sizing:border-box;margin-top:0px;margin-bottom:1rem;color:rgb(51, 51, 51);font-family:&quot;Segoe UI&quot;, &quot;Segoe UI Web Regular&quot;, &quot;Segoe UI Regular WestEuropean&quot;, &quot;Segoe UI&quot;, Tahoma, Arial, Roboto, &quot;Helvetica Neue&quot;, sans-serif, &quot;Apple Color Emoji&quot;, &quot;Segoe UI Emoji&quot;, &quot;Segoe UI Symbol&quot;;font-size:17px;text-align:left;\"><li style=\"box-sizing:border-box;\"><strong style=\"box-sizing:border-box;font-weight:bolder;\">Trusted Internet Connections (TIC)</strong><span>&nbsp;</span>is a federal cybersecurity initiative to enhance network and perimeter security across the United States federal government. The TIC initiative is a collaborative effort between the Office of Management and Budget (OMB), the Department of Homeland Security (DHS) Cybersecurity and Infrastructure Security Agency (CISA), and the General Services Administration (GSA).<a href=\"https://devblogs.microsoft.com/azuregov/supply-chain-risk-management-for-zero-trust-with-microsoft-azure-6-of-6/#_edn2\" style=\"box-sizing:border-box;color:rgb(0, 93, 166);text-decoration:underline;\">[ii]</a><span>&nbsp;</span>The<span>&nbsp;</span><a href=\"https://www.cisa.gov/sites/default/files/publications/Draft%20TIC%203.0%20Vol.%203%20Security%20Capabilities%20Handbook.pdf\" target=_blank style=\"box-sizing:border-box;color:rgb(0, 93, 166);text-decoration:underline;\">TIC 3.0: Volume 3 Security Capabilities Handbook</a><span>&nbsp;</span>provides various security controls, applications and best practice for risk management in federal information systems.</li><li style=\"box-sizing:border-box;\"><strong style=\"box-sizing:border-box;font-weight:bolder;\">NIST Cybersecurity Framework.<span>&nbsp;</span></strong>The National Institute of Standards and Technology (NIST) developed the Cybersecurity Framework to address risks highlighted in the Cybersecurity Enhancement Act of 2014 with a goal to identify “a prioritized, flexible, repeatable, performance-based, and cost effective approach, including information security measures and controls that may be voluntarily adopted by owners and operators of critical infrastructure to help them identify, assess, and manage cyber risks.”<a href=\"https://devblogs.microsoft.com/azuregov/supply-chain-risk-management-for-zero-trust-with-microsoft-azure-6-of-6/#_edn3\" style=\"box-sizing:border-box;color:rgb(0, 93, 166);text-decoration:underline;\">[iii]</a><span>&nbsp;</span>The<span>&nbsp;</span><a href=\"https://nvlpubs.nist.gov/nistpubs/CSWP/NIST.CSWP.04162018.pdf\" target=_blank style=\"box-sizing:border-box;color:rgb(0, 93, 166);text-decoration:underline;\">Framework for Improving Critical Infrastructure Cybersecurity</a><span>&nbsp;</span>outlines these principles.</li><li style=\"box-sizing:border-box;\"><strong style=\"box-sizing:border-box;font-weight:bolder;\">NIST SP 800-161: Supply Chain Risk Management Practices for Federal Information Systems and Organizations</strong><strong style=\"box-sizing:border-box;font-weight:bolder;\">.<span>&nbsp;</span></strong>This publication “provides guidance to federal agencies on identifying, assessing, selecting, and implementing risk management processes and mitigating controls throughout their organizations to help manage Information and Communications Technology (ICT) supply chain risks.”<a href=\"https://devblogs.microsoft.com/azuregov/supply-chain-risk-management-for-zero-trust-with-microsoft-azure-6-of-6/#_edn4\" style=\"box-sizing:border-box;color:rgb(0, 93, 166);text-decoration:underline;\">[iv]</a><span>&nbsp;</span><a href=\"https://nvlpubs.nist.gov/nistpubs/SpecialPublications/NIST.SP.800-161.pdf\" target=_blank style=\"box-sizing:border-box;color:rgb(0, 93, 166);text-decoration:underline;\">NIST SP 800-161</a><span>&nbsp;</span>outlines the ICT Supply Chain Risk Management process which directly maps to applicable NIST SP 800-53A Controls.</li></ul><p style=\"box-sizing:border-box;margin-top:0px;margin-bottom:1rem;color:rgb(51, 51, 51);font-family:&quot;Segoe UI&quot;, &quot;Segoe UI Web Regular&quot;, &quot;Segoe UI Regular WestEuropean&quot;, &quot;Segoe UI&quot;, Tahoma, Arial, Roboto, &quot;Helvetica Neue&quot;, sans-serif, &quot;Apple Color Emoji&quot;, &quot;Segoe UI Emoji&quot;, &quot;Segoe UI Symbol&quot;;font-size:17px;text-align:left;\"><a href=\"http://devblogs.microsoft.com/azuregov/wp-content/uploads/sites/43/2020/02/Blog-6-Table-1-4.png\" style=\"box-sizing:border-box;color:rgb(0, 93, 166);text-decoration:underline;\"><img src=\"https://devblogs.microsoft.com/azuregov/wp-content/uploads/sites/43/2020/02/Blog-6-Table-1-4.png\" alt=\"Image Blog 6 8211 Table 1\" width=975 height=2075 style=\"box-sizing:border-box;vertical-align:middle;border-style:none;max-width:100%;cursor:zoom-in;\"></a></p><h5 style=\"box-sizing:border-box;margin-top:0px;margin-bottom:0.5rem;font-family:&quot;Segoe UI&quot;;color:rgb(51, 51, 51);font-size:1.25rem;text-align:left;\"><strong style=\"box-sizing:border-box;font-weight:bolder;\">Supply chain risk management for Zero Trust with Microsoft Azure</strong></h5><p style=\"box-sizing:border-box;margin-top:0px;margin-bottom:1rem;color:rgb(51, 51, 51);font-family:&quot;Segoe UI&quot;, &quot;Segoe UI Web Regular&quot;, &quot;Segoe UI Regular WestEuropean&quot;, &quot;Segoe UI&quot;, Tahoma, Arial, Roboto, &quot;Helvetica Neue&quot;, sans-serif, &quot;Apple Color Emoji&quot;, &quot;Segoe UI Emoji&quot;, &quot;Segoe UI Symbol&quot;;font-size:17px;text-align:left;\">Microsoft Azure Government has developed a 9-step process to facilitate supply chain risk management for federal information systems in Microsoft Azure which is aligned with the security monitoring principles within the TIC 3.0, NIST CSF and NIST SP 800-161 standards. Note this process is a starting point, as supply chain risk management programs require alignment of people, processes, policy and technology so refer to organizational requirements and respective standards for implementation. Azure has several offerings to facilitate supply chain risk management including<span>&nbsp;</span><a href=\"https://azure.microsoft.com/en-us/services/vpn-gateway/\" target=_blank style=\"box-sizing:border-box;color:rgb(0, 93, 166);text-decoration:underline;\">VPN Gateway</a>,<span>&nbsp;</span><a href=\"https://azure.microsoft.com/en-us/services/active-directory/\" target=_blank style=\"box-sizing:border-box;color:rgb(0, 93, 166);text-decoration:underline;\">Azure Active Directory</a>,<span>&nbsp;</span><a href=\"https://docs.microsoft.com/en-us/azure/virtual-network/security-overview\" target=_blank style=\"box-sizing:border-box;color:rgb(0, 93, 166);text-decoration:underline;\">Network Security Groups</a>,<span>&nbsp;</span><a href=\"https://docs.microsoft.com/en-us/azure/governance/policy/overview\" target=_blank style=\"box-sizing:border-box;color:rgb(0, 93, 166);text-decoration:underline;\">Azure Policy</a>,<span>&nbsp;</span><a href=\"https://azure.microsoft.com/en-us/services/ddos-protection/\" target=_blank style=\"box-sizing:border-box;color:rgb(0, 93, 166);text-decoration:underline;\">Azure DDoS</a>,<span>&nbsp;</span><a href=\"https://azure.microsoft.com/en-us/services/backup/\" target=_blank style=\"box-sizing:border-box;color:rgb(0, 93, 166);text-decoration:underline;\">Azure Backup</a>,<span>&nbsp;</span><a href=\"https://azure.microsoft.com/en-us/services/security-center/\" target=_blank style=\"box-sizing:border-box;color:rgb(0, 93, 166);text-decoration:underline;\">Azure Security Center</a>,<span>&nbsp;</span><a href=\"https://azure.microsoft.com/en-us/services/azure-sentinel/\" target=_blank style=\"box-sizing:border-box;color:rgb(0, 93, 166);text-decoration:underline;\">Azure Sentinel</a><span>&nbsp;</span>and<span>&nbsp;</span><a href=\"https://azure.microsoft.com/en-us/services/monitor/\" target=_blank style=\"box-sizing:border-box;color:rgb(0, 93, 166);text-decoration:underline;\">Azure Monitor</a>.</p><ul style=\"box-sizing:border-box;margin-top:0px;margin-bottom:1rem;color:rgb(51, 51, 51);font-family:&quot;Segoe UI&quot;, &quot;Segoe UI Web Regular&quot;, &quot;Segoe UI Regular WestEuropean&quot;, &quot;Segoe UI&quot;, Tahoma, Arial, Roboto, &quot;Helvetica Neue&quot;, sans-serif, &quot;Apple Color Emoji&quot;, &quot;Segoe UI Emoji&quot;, &quot;Segoe UI Symbol&quot;;font-size:17px;text-align:left;\"><li style=\"box-sizing:border-box;\"><strong style=\"box-sizing:border-box;font-weight:bolder;\">VPN Gateway<span>&nbsp;</span></strong>is a specific type of virtual network gateway that is used to send encrypted traffic between an Azure virtual network and an on-premises location over the public Internet.</li><li style=\"box-sizing:border-box;\"><strong style=\"box-sizing:border-box;font-weight:bolder;\">Azure Active Directory</strong><span>&nbsp;</span>is an identity and access management-as-a-service (IDaaS) solution that combines single-on capabilities to any cloud and on-premises application with advanced protection.</li><li style=\"box-sizing:border-box;\"><strong style=\"box-sizing:border-box;font-weight:bolder;\">Network Security Groups<span>&nbsp;</span></strong>contain security rules that allow or deny inbound network traffic to, or outbound network traffic from, several types of Azure resources.</li><li style=\"box-sizing:border-box;\"><strong style=\"box-sizing:border-box;font-weight:bolder;\">Azure Policy<span>&nbsp;</span></strong>helps you manage and prevent IT issues with policy definitions that enforce rules and effects for your resources.</li><li style=\"box-sizing:border-box;\"><strong style=\"box-sizing:border-box;font-weight:bolder;\">Azure DDoS Protection<span>&nbsp;</span></strong>protects against Distributed denial of service (DDoS) attacks which are some of the largest availability and security concerns facing customers that are moving their applications to the cloud.</li><li style=\"box-sizing:border-box;\"><strong style=\"box-sizing:border-box;font-weight:bolder;\">Azure Backup<span>&nbsp;</span></strong>provides simple, secure, and cost-effective solutions to back up your data and recover it from the Microsoft Azure cloud.</li><li style=\"box-sizing:border-box;\"><strong style=\"box-sizing:border-box;font-weight:bolder;\">Azure Security Center<span>&nbsp;</span></strong>is a unified infrastructure security management system that strengthens the security posture of your data centers, and provides advanced threat protection across your hybrid workloads in the cloud – whether they’re in Azure or not – as well as on premises.</li><li style=\"box-sizing:border-box;\"><strong style=\"box-sizing:border-box;font-weight:bolder;\">Azure Sentinel<span>&nbsp;</span></strong>is a scalable, cloud-native, security information event management (SIEM) and security orchestration automated response (SOAR) solution.</li><li style=\"box-sizing:border-box;\"><strong style=\"box-sizing:border-box;font-weight:bolder;\">Azure Monitor<span>&nbsp;</span></strong>maximizes the availability and performance of your applications and services by delivering a comprehensive solution for collecting, analyzing, and acting on telemetry from your cloud and on-premises environments.</li></ul><h5 style=\"box-sizing:border-box;margin-top:0px;margin-bottom:0.5rem;font-family:&quot;Segoe UI&quot;;color:rgb(51, 51, 51);font-size:1.25rem;text-align:left;\"><strong style=\"box-sizing:border-box;font-weight:bolder;\">9 steps to supply chain risk management for Zero Trust with Microsoft Azure</strong></h5><p style=\"box-sizing:border-box;margin-top:0px;margin-bottom:1rem;color:rgb(51, 51, 51);font-family:&quot;Segoe UI&quot;, &quot;Segoe UI Web Regular&quot;, &quot;Segoe UI Regular WestEuropean&quot;, &quot;Segoe UI&quot;, Tahoma, Arial, Roboto, &quot;Helvetica Neue&quot;, sans-serif, &quot;Apple Color Emoji&quot;, &quot;Segoe UI Emoji&quot;, &quot;Segoe UI Symbol&quot;;font-size:17px;text-align:left;\"><a href=\"http://devblogs.microsoft.com/azuregov/wp-content/uploads/sites/43/2020/02/Blog6-9Steps-1.png\" style=\"box-sizing:border-box;color:rgb(0, 93, 166);text-decoration:underline;\"><img src=\"http://devblogs.microsoft.com/azuregov/wp-content/uploads/sites/43/2020/02/Blog6-9Steps-1.png\" alt=\"Image Blog6 9Steps\" width=800 height=450 style=\"box-sizing:border-box;vertical-align:middle;border-style:none;max-width:100%;cursor:zoom-in;\"></a></p><br></div>",
        "System.AssignedTo": null,
        "Microsoft.VSTS.Scheduling.RemainingWork": 0.0,
        "Microsoft.VSTS.Common.Priority": 2.0,
        "System.BoardLane": null,
        "System.Tags": "Risk_Management",
        "Microsoft.VSTS.TCM.Steps": null,
        "Microsoft.VSTS.TCM.Parameters": null,
        "Microsoft.VSTS.TCM.LocalDataSource": null,
        "Microsoft.VSTS.TCM.AutomationStatus": null,
        "System.History": null
      },
      "relations": [
        {
          "rel": "System.LinkTypes.Hierarchy-Forward",
          "url": "https://dev.azure.com/studiovandyr/_apis/wit/workItems/333",
          "attributes": {
            "isLocked": "false",
            "name": "Child"
          }
        },
        {
          "rel": "System.LinkTypes.Hierarchy-Forward",
          "url": "https://dev.azure.com/studiovandyr/_apis/wit/workItems/335",
          "attributes": {
            "isLocked": "false",
            "name": "Child"
          }
        },
        {
          "rel": "System.LinkTypes.Hierarchy-Forward",
          "url": "https://dev.azure.com/studiovandyr/_apis/wit/workItems/332",
          "attributes": {
            "isLocked": "false",
            "name": "Child"
          }
        },
        {
          "rel": "System.LinkTypes.Hierarchy-Forward",
          "url": "https://dev.azure.com/studiovandyr/_apis/wit/workItems/329",
          "attributes": {
            "isLocked": "false",
            "name": "Child"
          }
        },
        {
          "rel": "System.LinkTypes.Hierarchy-Forward",
          "url": "https://dev.azure.com/studiovandyr/_apis/wit/workItems/334",
          "attributes": {
            "isLocked": "false",
            "name": "Child"
          }
        },
        {
          "rel": "System.LinkTypes.Hierarchy-Forward",
          "url": "https://dev.azure.com/studiovandyr/_apis/wit/workItems/331",
          "attributes": {
            "isLocked": "false",
            "name": "Child"
          }
        },
        {
          "rel": "System.LinkTypes.Hierarchy-Forward",
          "url": "https://dev.azure.com/studiovandyr/_apis/wit/workItems/330",
          "attributes": {
            "isLocked": "false",
            "name": "Child"
          }
        },
        {
          "rel": "System.LinkTypes.Hierarchy-Forward",
          "url": "https://dev.azure.com/studiovandyr/_apis/wit/workItems/327",
          "attributes": {
            "isLocked": "false",
            "name": "Child"
          }
        },
        {
          "rel": "System.LinkTypes.Hierarchy-Forward",
          "url": "https://dev.azure.com/studiovandyr/_apis/wit/workItems/328",
          "attributes": {
            "isLocked": "false",
            "name": "Child"
          }
        }
      ],
      "url": "https://dev.azure.com/studiovandyr/_apis/wit/workItems/270"
    },
    {
      "id": 269,
      "rev": 4,
      "fields": {
        "System.AreaPath": "Azure Zero Trust",
        "System.TeamProject": "Azure Zero Trust",
        "System.IterationPath": "Azure Zero Trust",
        "System.WorkItemType": "Feature",
        "System.State": "New",
        "System.Reason": "New",
        "System.CreatedDate": "2020-03-22T16:14:01.243Z",
        "System.CreatedBy": "Vandy Rodrigues <vandyr@microsoft.com>",
        "System.ChangedDate": "2020-03-23T13:50:31.92Z",
        "System.ChangedBy": "Vandy Rodrigues <vandyr@microsoft.com>",
        "System.Title": "Insider Threat Monitoring for Zero Trust with Microsoft Azure",
        "Microsoft.VSTS.Scheduling.Effort": 0.0,
        "System.Description": "<div><a href=\"https://devblogs.microsoft.com/azuregov/insider-threat-monitoring-for-zero-trust-with-microsoft-azure-5-of-6/\">https://devblogs.microsoft.com/azuregov/insider-threat-monitoring-for-zero-trust-with-microsoft-azure-5-of-6/</a><br></div><div><br></div><div><h5 style=\"box-sizing:border-box;margin-top:0px;margin-bottom:0.5rem;font-family:&quot;Segoe UI&quot;;color:rgb(51, 51, 51);font-size:1.25rem;text-align:left;\"><strong style=\"box-sizing:border-box;font-weight:bolder;\">What is an insider threat?</strong></h5><p style=\"box-sizing:border-box;margin-top:0px;margin-bottom:1rem;color:rgb(51, 51, 51);font-family:&quot;Segoe UI&quot;, &quot;Segoe UI Web Regular&quot;, &quot;Segoe UI Regular WestEuropean&quot;, &quot;Segoe UI&quot;, Tahoma, Arial, Roboto, &quot;Helvetica Neue&quot;, sans-serif, &quot;Apple Color Emoji&quot;, &quot;Segoe UI Emoji&quot;, &quot;Segoe UI Symbol&quot;;font-size:17px;text-align:left;\">The Microsoft<span>&nbsp;</span><a href=\"https://download.microsoft.com/download/f/9/2/f92129bc-0d6e-4b8e-a47b-288432bae68e/Zero_Trust_Vision_Paper_Final%2010.28.pdf\" target=_blank style=\"box-sizing:border-box;color:rgb(0, 93, 166);text-decoration:underline;\">Zero Trust vision paper</a><span>&nbsp;</span>outlines three principles of Zero Trust- Verify Explicitly, Least Privilege Access and Assume Breach. Zero Trust assumes breach and verifies each request as though it originates from an uncontrolled network. Access requests are inspected for anomalies prior to granting access and user access is limited to least privilege required to perform respective job functions. The NIST SP 800-207 draft for Zero Trust Architecture identifies several threats associated with a Zero Trust architecture including subversion of the ZTA decision process, denial of service and insider threats. The standard describes insider threat detection, as “Trust Algorithms can detect access patterns that are out of normal behavior and deny the compromised account (or insider threat) access to resources.”<a href=\"https://devblogs.microsoft.com/azuregov/insider-threat-monitoring-for-zero-trust-with-microsoft-azure-5-of-6/#_edn1\" style=\"box-sizing:border-box;color:rgb(0, 93, 166);text-decoration:underline;\">[i]</a><span>&nbsp;</span>An insider threat is a user or entity that leverages authorized access to knowingly or unknowingly cause harm to an organization. Insider threats range from an unwitting user accidentally clicking a phishing link to a malicious actor stealing sensitive information.</p><h5 style=\"box-sizing:border-box;margin-top:0px;margin-bottom:0.5rem;font-family:&quot;Segoe UI&quot;;color:rgb(51, 51, 51);font-size:1.25rem;text-align:left;\"><strong style=\"box-sizing:border-box;font-weight:bolder;\">Defining Zero Trust governance based on federal frameworks</strong></h5><p style=\"box-sizing:border-box;margin-top:0px;margin-bottom:1rem;color:rgb(51, 51, 51);font-family:&quot;Segoe UI&quot;, &quot;Segoe UI Web Regular&quot;, &quot;Segoe UI Regular WestEuropean&quot;, &quot;Segoe UI&quot;, Tahoma, Arial, Roboto, &quot;Helvetica Neue&quot;, sans-serif, &quot;Apple Color Emoji&quot;, &quot;Segoe UI Emoji&quot;, &quot;Segoe UI Symbol&quot;;font-size:17px;text-align:left;\">Governance definition is a critical precursor to any Zero Trust initiative. For this blog we’ve leveraged TIC 3.0 Zero Trust principles and aligned with respective NIST SP 800-207 and NIST CSF controls. Our fifth focus point is insider threat monitoring and these standards have a wealth of information aligned to this principle. The diagram below highlights the key takeaways and requirements from the standards.</p><ul style=\"box-sizing:border-box;margin-top:0px;margin-bottom:1rem;color:rgb(51, 51, 51);font-family:&quot;Segoe UI&quot;, &quot;Segoe UI Web Regular&quot;, &quot;Segoe UI Regular WestEuropean&quot;, &quot;Segoe UI&quot;, Tahoma, Arial, Roboto, &quot;Helvetica Neue&quot;, sans-serif, &quot;Apple Color Emoji&quot;, &quot;Segoe UI Emoji&quot;, &quot;Segoe UI Symbol&quot;;font-size:17px;text-align:left;\"><li style=\"box-sizing:border-box;\"><strong style=\"box-sizing:border-box;font-weight:bolder;\">Trusted Internet Connections (TIC)</strong><span>&nbsp;</span>is a federal cybersecurity initiative to enhance network and perimeter security across the United States federal government. The TIC initiative is a collaborative effort between the Office of Management and Budget (OMB), the Department of Homeland Security (DHS) Cybersecurity and Infrastructure Security Agency (CISA), and the General Services Administration (GSA).<a href=\"https://devblogs.microsoft.com/azuregov/insider-threat-monitoring-for-zero-trust-with-microsoft-azure-5-of-6/#_edn2\" style=\"box-sizing:border-box;color:rgb(0, 93, 166);text-decoration:underline;\">[ii]</a><span>&nbsp;</span>The<span>&nbsp;</span><a href=\"https://www.cisa.gov/sites/default/files/publications/Draft%20TIC%203.0%20Vol.%203%20Security%20Capabilities%20Handbook.pdf\" target=_blank style=\"box-sizing:border-box;color:rgb(0, 93, 166);text-decoration:underline;\">TIC 3.0: Volume 3 Security Capabilities Handbook</a><span>&nbsp;</span>provides various security controls, applications and best practice for risk management in federal information systems.</li><li style=\"box-sizing:border-box;\"><strong style=\"box-sizing:border-box;font-weight:bolder;\">NIST Cybersecurity Framework.<span>&nbsp;</span></strong>The National Institute of Standards and Technology (NIST) developed the Cybersecurity Framework to address risks highlighted in the Cybersecurity Enhancement Act of 2014 with a goal to identify “a prioritized, flexible, repeatable, performance-based, and cost effective approach, including information security measures and controls that may be voluntarily adopted by owners and operators of critical infrastructure to help them identify, assess, and manage cyber risks.”<a href=\"https://devblogs.microsoft.com/azuregov/insider-threat-monitoring-for-zero-trust-with-microsoft-azure-5-of-6/#_edn3\" style=\"box-sizing:border-box;color:rgb(0, 93, 166);text-decoration:underline;\">[iii]</a><span>&nbsp;</span>The<span>&nbsp;</span><a href=\"https://nvlpubs.nist.gov/nistpubs/CSWP/NIST.CSWP.04162018.pdf\" target=_blank style=\"box-sizing:border-box;color:rgb(0, 93, 166);text-decoration:underline;\">Framework for Improving Critical Infrastructure Cybersecurity</a><span>&nbsp;</span>outlines these principles.</li><li style=\"box-sizing:border-box;\"><strong style=\"box-sizing:border-box;font-weight:bolder;\">NIST SP 800-207.<span>&nbsp;</span></strong>The National Institute of Standards and Technology (NIST) has recently released<span>&nbsp;</span><a href=\"https://csrc.nist.gov/publications/detail/sp/800-207/draft\" target=_blank style=\"box-sizing:border-box;color:rgb(0, 93, 166);text-decoration:underline;\">NIST SP 800-207</a><span>&nbsp;</span>for Zero Trust Architectures which is in draft for comment. This document provides a framework for designing a zero-trust architecture (ZTA) network strategy<a href=\"https://devblogs.microsoft.com/azuregov/insider-threat-monitoring-for-zero-trust-with-microsoft-azure-5-of-6/#_edn4\" style=\"box-sizing:border-box;color:rgb(0, 93, 166);text-decoration:underline;\">[iv]</a>.</li></ul><p style=\"box-sizing:border-box;margin-top:0px;margin-bottom:1rem;color:rgb(51, 51, 51);font-family:&quot;Segoe UI&quot;, &quot;Segoe UI Web Regular&quot;, &quot;Segoe UI Regular WestEuropean&quot;, &quot;Segoe UI&quot;, Tahoma, Arial, Roboto, &quot;Helvetica Neue&quot;, sans-serif, &quot;Apple Color Emoji&quot;, &quot;Segoe UI Emoji&quot;, &quot;Segoe UI Symbol&quot;;font-size:17px;text-align:left;\"><a href=\"http://devblogs.microsoft.com/azuregov/wp-content/uploads/sites/43/2020/02/Blog-5-Table-v-4.png\" style=\"box-sizing:border-box;color:rgb(0, 93, 166);text-decoration:underline;\"><img src=\"https://devblogs.microsoft.com/azuregov/wp-content/uploads/sites/43/2020/02/Blog-5-Table-v-4.png\" alt=\"Image Blog 5 8211 Table v 4\" width=4953 height=5941 style=\"box-sizing:border-box;vertical-align:middle;border-style:none;max-width:100%;cursor:zoom-in;\"></a></p><p style=\"box-sizing:border-box;margin-top:0px;margin-bottom:1rem;color:rgb(51, 51, 51);font-family:&quot;Segoe UI&quot;, &quot;Segoe UI Web Regular&quot;, &quot;Segoe UI Regular WestEuropean&quot;, &quot;Segoe UI&quot;, Tahoma, Arial, Roboto, &quot;Helvetica Neue&quot;, sans-serif, &quot;Apple Color Emoji&quot;, &quot;Segoe UI Emoji&quot;, &quot;Segoe UI Symbol&quot;;font-size:17px;text-align:left;\">&nbsp;</p><h5 style=\"box-sizing:border-box;margin-top:0px;margin-bottom:0.5rem;font-family:&quot;Segoe UI&quot;;color:rgb(51, 51, 51);font-size:1.25rem;text-align:left;\"><strong style=\"box-sizing:border-box;font-weight:bolder;\">Insider threat monitoring for Zero Trust with Microsoft Azure</strong></h5><p style=\"box-sizing:border-box;margin-top:0px;margin-bottom:1rem;color:rgb(51, 51, 51);font-family:&quot;Segoe UI&quot;, &quot;Segoe UI Web Regular&quot;, &quot;Segoe UI Regular WestEuropean&quot;, &quot;Segoe UI&quot;, Tahoma, Arial, Roboto, &quot;Helvetica Neue&quot;, sans-serif, &quot;Apple Color Emoji&quot;, &quot;Segoe UI Emoji&quot;, &quot;Segoe UI Symbol&quot;;font-size:17px;text-align:left;\">Microsoft Azure Government has developed an 8-step process to facilitate insider threat monitoring for federal information systems in Microsoft Azure which is aligned with the security monitoring principles within the TIC 3.0, NIST CSF, and NIST SP 800-207 standards. Note this process is a starting point, as insider threat programs require alignment of people, processes, policy and technology so refer to organizational requirements and respective standards for implementation. Azure has several offerings to facilitate insider threat monitoring including<span>&nbsp;</span><a href=\"https://azure.microsoft.com/en-us/features/azure-advanced-threat-protection/\" target=_blank style=\"box-sizing:border-box;color:rgb(0, 93, 166);text-decoration:underline;\">Azure Advanced Threat Protection</a>,<span>&nbsp;</span><a href=\"https://azure.microsoft.com/en-us/services/active-directory/\" target=_blank style=\"box-sizing:border-box;color:rgb(0, 93, 166);text-decoration:underline;\">Azure Active Directory Identity Protection</a>,<span>&nbsp;</span><a href=\"https://azure.microsoft.com/en-us/services/information-protection/\" target=_blank style=\"box-sizing:border-box;color:rgb(0, 93, 166);text-decoration:underline;\">Azure Information Protection</a>, and<span>&nbsp;</span><a href=\"https://azure.microsoft.com/en-us/services/security-center/\" target=_blank style=\"box-sizing:border-box;color:rgb(0, 93, 166);text-decoration:underline;\">Azure Security Center</a>.</p><ul style=\"box-sizing:border-box;margin-top:0px;margin-bottom:1rem;color:rgb(51, 51, 51);font-family:&quot;Segoe UI&quot;, &quot;Segoe UI Web Regular&quot;, &quot;Segoe UI Regular WestEuropean&quot;, &quot;Segoe UI&quot;, Tahoma, Arial, Roboto, &quot;Helvetica Neue&quot;, sans-serif, &quot;Apple Color Emoji&quot;, &quot;Segoe UI Emoji&quot;, &quot;Segoe UI Symbol&quot;;font-size:17px;text-align:left;\"><li style=\"box-sizing:border-box;\"><strong style=\"box-sizing:border-box;font-weight:bolder;\">Azure Advanced Threat Protection<span>&nbsp;</span></strong>is a cloud-based security solution that leverages your on-premises Active Directory signals to identify, detect, and investigate advanced threats, compromised identities, and malicious insider actions directed at your organization. *Note offerings, features, and availability may vary between government clouds, for more information see<span>&nbsp;</span><a href=\"https://docs.microsoft.com/en-us/enterprise-mobility-security/solutions/ems-azure-atp-govt-service-description\" target=_blank style=\"box-sizing:border-box;color:rgb(0, 93, 166);text-decoration:underline;\">Azure Advanced Threat Protection Security Government service description</a>.</li><li style=\"box-sizing:border-box;\"><strong style=\"box-sizing:border-box;font-weight:bolder;\">Azure Active Directory Identity Protection<span>&nbsp;</span></strong>is a tool that allows organizations to automate detection and remediation of identity-based risks, investigate risks using data in the portal and export risk detection data to third-party utilities for further analysis.</li><li style=\"box-sizing:border-box;\"><strong style=\"box-sizing:border-box;font-weight:bolder;\">Azure Information Protection</strong><span>&nbsp;</span>is a cloud-based solution that helps an organization to classify and optionally, protect its documents and emails by applying labels. Labels can be applied automatically by administrators who define rules and conditions, manually by users, or a combination where users are given recommendations. *Note offerings, features, and availability may vary between government clouds, for more information see<span>&nbsp;</span><a href=\"https://microsoft-my.sharepoint.com/personal/thbanasi_microsoft_com/Documents/Blogs/Zero%20Trust/Blog%205_Insider%20Threat/Azure%20Information%20Protection%20Premium%20Government%20Service%20Description\" target=_blank style=\"box-sizing:border-box;color:rgb(0, 93, 166);text-decoration:underline;\">Azure Information Protection Premium Government Service Description</a>.</li><li style=\"box-sizing:border-box;\"><strong style=\"box-sizing:border-box;font-weight:bolder;\">Azure Security Center<span>&nbsp;</span></strong>is a unified infrastructure security management system that strengthens the security posture of your data centers and provides advanced threat protection across your hybrid workloads in the cloud – whether they’re in Azure or not – as well as on premises.</li></ul><h5 style=\"box-sizing:border-box;margin-top:0px;margin-bottom:0.5rem;font-family:&quot;Segoe UI&quot;;color:rgb(51, 51, 51);font-size:1.25rem;text-align:left;\"><strong style=\"box-sizing:border-box;font-weight:bolder;\">8 steps to insider threat monitoring for Zero Trust with Microsoft Azure</strong></h5><p style=\"box-sizing:border-box;margin-top:0px;margin-bottom:1rem;color:rgb(51, 51, 51);font-family:&quot;Segoe UI&quot;, &quot;Segoe UI Web Regular&quot;, &quot;Segoe UI Regular WestEuropean&quot;, &quot;Segoe UI&quot;, Tahoma, Arial, Roboto, &quot;Helvetica Neue&quot;, sans-serif, &quot;Apple Color Emoji&quot;, &quot;Segoe UI Emoji&quot;, &quot;Segoe UI Symbol&quot;;font-size:17px;text-align:left;\"><a href=\"http://devblogs.microsoft.com/azuregov/wp-content/uploads/sites/43/2020/02/Blog5-8Steps-v2.png\" style=\"box-sizing:border-box;color:rgb(0, 93, 166);text-decoration:underline;\"><img src=\"http://devblogs.microsoft.com/azuregov/wp-content/uploads/sites/43/2020/02/Blog5-8Steps-v2.png\" alt=\"Image Blog5 8Steps v2\" width=800 height=450 style=\"box-sizing:border-box;vertical-align:middle;border-style:none;max-width:100%;cursor:zoom-in;\"></a></p><br></div>",
        "System.AssignedTo": null,
        "Microsoft.VSTS.Scheduling.RemainingWork": 0.0,
        "Microsoft.VSTS.Common.Priority": 2.0,
        "System.BoardLane": null,
        "System.Tags": "Threat_Monitoring",
        "Microsoft.VSTS.TCM.Steps": null,
        "Microsoft.VSTS.TCM.Parameters": null,
        "Microsoft.VSTS.TCM.LocalDataSource": null,
        "Microsoft.VSTS.TCM.AutomationStatus": null,
        "System.History": null
      },
      "relations": [
        {
          "rel": "System.LinkTypes.Hierarchy-Forward",
          "url": "https://dev.azure.com/studiovandyr/_apis/wit/workItems/319",
          "attributes": {
            "isLocked": "false",
            "name": "Child"
          }
        },
        {
          "rel": "System.LinkTypes.Hierarchy-Forward",
          "url": "https://dev.azure.com/studiovandyr/_apis/wit/workItems/321",
          "attributes": {
            "isLocked": "false",
            "name": "Child"
          }
        },
        {
          "rel": "System.LinkTypes.Hierarchy-Forward",
          "url": "https://dev.azure.com/studiovandyr/_apis/wit/workItems/324",
          "attributes": {
            "isLocked": "false",
            "name": "Child"
          }
        },
        {
          "rel": "System.LinkTypes.Hierarchy-Forward",
          "url": "https://dev.azure.com/studiovandyr/_apis/wit/workItems/320",
          "attributes": {
            "isLocked": "false",
            "name": "Child"
          }
        },
        {
          "rel": "System.LinkTypes.Hierarchy-Forward",
          "url": "https://dev.azure.com/studiovandyr/_apis/wit/workItems/325",
          "attributes": {
            "isLocked": "false",
            "name": "Child"
          }
        },
        {
          "rel": "System.LinkTypes.Hierarchy-Forward",
          "url": "https://dev.azure.com/studiovandyr/_apis/wit/workItems/322",
          "attributes": {
            "isLocked": "false",
            "name": "Child"
          }
        },
        {
          "rel": "System.LinkTypes.Hierarchy-Forward",
          "url": "https://dev.azure.com/studiovandyr/_apis/wit/workItems/326",
          "attributes": {
            "isLocked": "false",
            "name": "Child"
          }
        },
        {
          "rel": "System.LinkTypes.Hierarchy-Forward",
          "url": "https://dev.azure.com/studiovandyr/_apis/wit/workItems/323",
          "attributes": {
            "isLocked": "false",
            "name": "Child"
          }
        }
      ],
      "url": "https://dev.azure.com/studiovandyr/_apis/wit/workItems/269"
    },
    {
      "id": 268,
      "rev": 4,
      "fields": {
        "System.AreaPath": "Azure Zero Trust",
        "System.TeamProject": "Azure Zero Trust",
        "System.IterationPath": "Azure Zero Trust",
        "System.WorkItemType": "Feature",
        "System.State": "New",
        "System.Reason": "New",
        "System.CreatedDate": "2020-03-22T16:13:26.343Z",
        "System.CreatedBy": "Vandy Rodrigues <vandyr@microsoft.com>",
        "System.ChangedDate": "2020-03-23T13:50:31.92Z",
        "System.ChangedBy": "Vandy Rodrigues <vandyr@microsoft.com>",
        "System.Title": "Enforcing Policy for Zero Trust with Azure Policy",
        "Microsoft.VSTS.Scheduling.Effort": 0.0,
        "System.Description": "<div><a href=\"https://devblogs.microsoft.com/azuregov/enforcing-policy-for-zero-trust-with-azure-policy-4-of-6/\">https://devblogs.microsoft.com/azuregov/enforcing-policy-for-zero-trust-with-azure-policy-4-of-6/</a><br><br></div><div><h5 style=\"box-sizing:border-box;margin-top:0px;margin-bottom:0.5rem;font-family:&quot;Segoe UI&quot;;color:rgb(51, 51, 51);font-size:1.25rem;text-align:left;\"><strong style=\"box-sizing:border-box;font-weight:bolder;\">How do we enforce policy for zero trust?</strong></h5><p style=\"box-sizing:border-box;margin-top:0px;margin-bottom:1rem;color:rgb(51, 51, 51);font-family:&quot;Segoe UI&quot;, &quot;Segoe UI Web Regular&quot;, &quot;Segoe UI Regular WestEuropean&quot;, &quot;Segoe UI&quot;, Tahoma, Arial, Roboto, &quot;Helvetica Neue&quot;, sans-serif, &quot;Apple Color Emoji&quot;, &quot;Segoe UI Emoji&quot;, &quot;Segoe UI Symbol&quot;;font-size:17px;text-align:left;\">The Microsoft<span>&nbsp;</span><a href=\"https://download.microsoft.com/download/f/9/2/f92129bc-0d6e-4b8e-a47b-288432bae68e/Zero_Trust_Vision_Paper_Final%2010.28.pdf\" target=_blank style=\"box-sizing:border-box;color:rgb(0, 93, 166);text-decoration:underline;\">Zero Trust vision paper</a><span>&nbsp;</span>outlines three principles of Zero Trust- Verify Explicitly, Least Privilege Access and Assume Breach. The Zero Trust model requires strict access control to ensure every access request is authenticated, inspected and authorized within policy constraints. It’s important to evaluate the 5 W’s of each access request to determine who is requesting access, what resource is requested, when is the environment being accessed, where is the user located, why is access requested and how is the user authenticating. A central element to evaluating access is the policy enforcement point. The policy enforcement point evaluates each access request and applies respective control requirements such as Multi Factor Authentication for an access request from an unexpected location. Zero Trust requires capabilities that can make informed decisions using automated policy enforcement.</p><h5 style=\"box-sizing:border-box;margin-top:0px;margin-bottom:0.5rem;font-family:&quot;Segoe UI&quot;;color:rgb(51, 51, 51);font-size:1.25rem;text-align:left;\"><strong style=\"box-sizing:border-box;font-weight:bolder;\">Defining Zero Trust governance based on federal frameworks</strong></h5><p style=\"box-sizing:border-box;margin-top:0px;margin-bottom:1rem;color:rgb(51, 51, 51);font-family:&quot;Segoe UI&quot;, &quot;Segoe UI Web Regular&quot;, &quot;Segoe UI Regular WestEuropean&quot;, &quot;Segoe UI&quot;, Tahoma, Arial, Roboto, &quot;Helvetica Neue&quot;, sans-serif, &quot;Apple Color Emoji&quot;, &quot;Segoe UI Emoji&quot;, &quot;Segoe UI Symbol&quot;;font-size:17px;text-align:left;\">Governance definition is a critical precursor to any Zero Trust initiative. For this blog we’ve leveraged TIC 3.0 for Zero Trust access control policies and aligned with respective NIST CSF and NIST SP 800-53 controls.</p><ul style=\"box-sizing:border-box;margin-top:0px;margin-bottom:1rem;color:rgb(51, 51, 51);font-family:&quot;Segoe UI&quot;, &quot;Segoe UI Web Regular&quot;, &quot;Segoe UI Regular WestEuropean&quot;, &quot;Segoe UI&quot;, Tahoma, Arial, Roboto, &quot;Helvetica Neue&quot;, sans-serif, &quot;Apple Color Emoji&quot;, &quot;Segoe UI Emoji&quot;, &quot;Segoe UI Symbol&quot;;font-size:17px;text-align:left;\"><li style=\"box-sizing:border-box;\"><strong style=\"box-sizing:border-box;font-weight:bolder;\">Trusted Internet Connections (TIC)</strong><span>&nbsp;</span>is a federal cybersecurity initiative to enhance network and perimeter security across the United States federal government. The TIC initiative is a collaborative effort between the Office of Management and Budget (OMB), the Department of Homeland Security (DHS) Cybersecurity and Infrastructure Security Agency (CISA), and the General Services Administration (GSA).[i] The<span>&nbsp;</span><a href=\"https://www.cisa.gov/sites/default/files/publications/Draft%20TIC%203.0%20Vol.%203%20Security%20Capabilities%20Handbook.pdf\" target=_blank style=\"box-sizing:border-box;color:rgb(0, 93, 166);text-decoration:underline;\">TIC 3.0: Volume 3 Security Capabilities Handbook</a><span>&nbsp;</span>provides various security controls, applications and best practice for risk management in federal information systems.</li><li style=\"box-sizing:border-box;\"><strong style=\"box-sizing:border-box;font-weight:bolder;\">NIST Cybersecurity Framework.<span>&nbsp;</span></strong>The National Institute of Standards and Technology (NIST) developed the Cybersecurity Framework to address risks highlighted in the Cybersecurity Enhancement Act of 2014 with a goal to identify “a prioritized, flexible, repeatable, performance-based, and cost effective approach, including information security measures and controls that may be voluntarily adopted by owners and operators of critical infrastructure to help them identify, assess, and manage cyber risks.”[ii] The<span>&nbsp;</span><a href=\"https://nvlpubs.nist.gov/nistpubs/CSWP/NIST.CSWP.04162018.pdf\" target=_blank style=\"box-sizing:border-box;color:rgb(0, 93, 166);text-decoration:underline;\">Framework for Improving Critical Infrastructure Cybersecurity</a><span>&nbsp;</span>outlines these principles.</li><li style=\"box-sizing:border-box;\"><strong style=\"box-sizing:border-box;font-weight:bolder;\">NIST SP 800-53 R4.</strong><span>&nbsp;</span>This publication “provides a catalog of security and privacy controls for federal information systems and organizations and a process for selecting controls to protect organizational operations (including mission, functions, image, and reputation), organizational assets, individuals, other organizations, and the Nation from a diverse set of threats including hostile cyber-attacks, natural disasters, structural failures, and human errors (both intentional and unintentional).”[iii]<span>&nbsp;</span><a href=\"https://nvlpubs.nist.gov/nistpubs/SpecialPublications/NIST.SP.800-53r4.pdf\" target=_blank style=\"box-sizing:border-box;color:rgb(0, 93, 166);text-decoration:underline;\">NIST SP 800-53 Rev 4</a><span>&nbsp;</span>outlines the security and privacy controls for federal information systems and organizations.</li></ul><p style=\"box-sizing:border-box;margin-top:0px;margin-bottom:1rem;color:rgb(51, 51, 51);font-family:&quot;Segoe UI&quot;, &quot;Segoe UI Web Regular&quot;, &quot;Segoe UI Regular WestEuropean&quot;, &quot;Segoe UI&quot;, Tahoma, Arial, Roboto, &quot;Helvetica Neue&quot;, sans-serif, &quot;Apple Color Emoji&quot;, &quot;Segoe UI Emoji&quot;, &quot;Segoe UI Symbol&quot;;font-size:17px;text-align:left;\">In Azure Government, we cross-reference TIC 3.0, NIST Cybersecurity Framework and NIST SP 800-53 Rev4 to align requirements for implementing Zero Trust models. Our fourth focus point is enforcing access control policy for zero trust and these documents have a wealth of information aligned to this principle. The diagram below highlights the key takeaways and requirements from the standards.</p><p style=\"box-sizing:border-box;margin-top:0px;margin-bottom:1rem;color:rgb(51, 51, 51);font-family:&quot;Segoe UI&quot;, &quot;Segoe UI Web Regular&quot;, &quot;Segoe UI Regular WestEuropean&quot;, &quot;Segoe UI&quot;, Tahoma, Arial, Roboto, &quot;Helvetica Neue&quot;, sans-serif, &quot;Apple Color Emoji&quot;, &quot;Segoe UI Emoji&quot;, &quot;Segoe UI Symbol&quot;;font-size:17px;text-align:left;\"><a href=\"http://devblogs.microsoft.com/azuregov/wp-content/uploads/sites/43/2020/02/Blog4-Table1-v2.png\" style=\"box-sizing:border-box;color:rgb(0, 93, 166);text-decoration:underline;\"><img src=\"https://devblogs.microsoft.com/azuregov/wp-content/uploads/sites/43/2020/02/Blog4-Table1-v2.png\" alt=\"Image Blog4 Table1 v2\" width=977 height=1089 style=\"box-sizing:border-box;vertical-align:middle;border-style:none;max-width:100%;cursor:zoom-in;\"></a></p><h5 style=\"box-sizing:border-box;margin-top:0px;margin-bottom:0.5rem;font-family:&quot;Segoe UI&quot;;color:rgb(51, 51, 51);font-size:1.25rem;text-align:left;\"><strong style=\"box-sizing:border-box;font-weight:bolder;\">Access control policy enforcement for Zero Trust with Azure Policy</strong></h5><p style=\"box-sizing:border-box;margin-top:0px;margin-bottom:1rem;color:rgb(51, 51, 51);font-family:&quot;Segoe UI&quot;, &quot;Segoe UI Web Regular&quot;, &quot;Segoe UI Regular WestEuropean&quot;, &quot;Segoe UI&quot;, Tahoma, Arial, Roboto, &quot;Helvetica Neue&quot;, sans-serif, &quot;Apple Color Emoji&quot;, &quot;Segoe UI Emoji&quot;, &quot;Segoe UI Symbol&quot;;font-size:17px;text-align:left;\">Microsoft Azure Government has developed a ten step process for enforcing access control policy in federal information systems which is aligned with the security monitoring principles within the TIC 3.0, NIST CSF, and NIST SP 800-53 standards. Azure has several offerings for policy enforcement including<span>&nbsp;</span><a href=\"https://docs.microsoft.com/en-us/azure/governance/policy/overview\" target=_blank style=\"box-sizing:border-box;color:rgb(0, 93, 166);text-decoration:underline;\">Azure Policy</a>,<span>&nbsp;</span><a href=\"https://azure.microsoft.com/en-us/services/security-center/\" target=_blank style=\"box-sizing:border-box;color:rgb(0, 93, 166);text-decoration:underline;\">Azure Security Center</a><span>&nbsp;</span>and<span>&nbsp;</span><a href=\"https://azure.microsoft.com/en-us/services/blueprints/\" target=_blank style=\"box-sizing:border-box;color:rgb(0, 93, 166);text-decoration:underline;\">Azure Blueprints</a>.</p><ul style=\"box-sizing:border-box;margin-top:0px;margin-bottom:1rem;color:rgb(51, 51, 51);font-family:&quot;Segoe UI&quot;, &quot;Segoe UI Web Regular&quot;, &quot;Segoe UI Regular WestEuropean&quot;, &quot;Segoe UI&quot;, Tahoma, Arial, Roboto, &quot;Helvetica Neue&quot;, sans-serif, &quot;Apple Color Emoji&quot;, &quot;Segoe UI Emoji&quot;, &quot;Segoe UI Symbol&quot;;font-size:17px;text-align:left;\"><li style=\"box-sizing:border-box;\"><strong style=\"box-sizing:border-box;font-weight:bolder;\">Azure Policy</strong><span>&nbsp;</span>helps you manage and prevent IT issues with policy definitions that enforce rules and effects for your resources.</li><li style=\"box-sizing:border-box;\"><strong style=\"box-sizing:border-box;font-weight:bolder;\">Azure Security Center<span>&nbsp;</span></strong>provides unified security management and advanced threat protection across hybrid cloud workloads. The Azure Security Center Compliance dashboard provides insights into your compliance posture based on continuous assessments of your Azure environment.</li><li style=\"box-sizing:border-box;\"><strong style=\"box-sizing:border-box;font-weight:bolder;\">Azure Blueprints<span>&nbsp;</span></strong>simplifies deployments by packaging artifacts, such as Resource Manager templates, role-based access controls, and policies, in a single blueprint definition.</li></ul><h5 style=\"box-sizing:border-box;margin-top:0px;margin-bottom:0.5rem;font-family:&quot;Segoe UI&quot;;color:rgb(51, 51, 51);font-size:1.25rem;text-align:left;\"><strong style=\"box-sizing:border-box;font-weight:bolder;\">10 steps to access control policy enforcement for Zero Trust with Azure Policy</strong></h5><p style=\"box-sizing:border-box;margin-top:0px;margin-bottom:1rem;color:rgb(51, 51, 51);font-family:&quot;Segoe UI&quot;, &quot;Segoe UI Web Regular&quot;, &quot;Segoe UI Regular WestEuropean&quot;, &quot;Segoe UI&quot;, Tahoma, Arial, Roboto, &quot;Helvetica Neue&quot;, sans-serif, &quot;Apple Color Emoji&quot;, &quot;Segoe UI Emoji&quot;, &quot;Segoe UI Symbol&quot;;font-size:17px;text-align:left;\"><a href=\"http://devblogs.microsoft.com/azuregov/wp-content/uploads/sites/43/2020/02/BLog4-10steps.png\" style=\"box-sizing:border-box;color:rgb(0, 93, 166);text-decoration:underline;\"><img src=\"http://devblogs.microsoft.com/azuregov/wp-content/uploads/sites/43/2020/02/BLog4-10steps.png\" alt=\"Image BLog4 10steps\" width=732 height=415 style=\"box-sizing:border-box;vertical-align:middle;border-style:none;max-width:100%;margin:0px auto;display:block;cursor:zoom-in;\"></a></p><br></div>",
        "System.AssignedTo": null,
        "Microsoft.VSTS.Scheduling.RemainingWork": 0.0,
        "Microsoft.VSTS.Common.Priority": 2.0,
        "System.BoardLane": null,
        "System.Tags": "Azure_Policy",
        "Microsoft.VSTS.TCM.Steps": null,
        "Microsoft.VSTS.TCM.Parameters": null,
        "Microsoft.VSTS.TCM.LocalDataSource": null,
        "Microsoft.VSTS.TCM.AutomationStatus": null,
        "System.History": null
      },
      "relations": [
        {
          "rel": "System.LinkTypes.Hierarchy-Forward",
          "url": "https://dev.azure.com/studiovandyr/_apis/wit/workItems/313",
          "attributes": {
            "isLocked": "false",
            "name": "Child"
          }
        },
        {
          "rel": "System.LinkTypes.Hierarchy-Forward",
          "url": "https://dev.azure.com/studiovandyr/_apis/wit/workItems/317",
          "attributes": {
            "isLocked": "false",
            "name": "Child"
          }
        },
        {
          "rel": "System.LinkTypes.Hierarchy-Forward",
          "url": "https://dev.azure.com/studiovandyr/_apis/wit/workItems/316",
          "attributes": {
            "isLocked": "false",
            "name": "Child"
          }
        },
        {
          "rel": "System.LinkTypes.Hierarchy-Forward",
          "url": "https://dev.azure.com/studiovandyr/_apis/wit/workItems/318",
          "attributes": {
            "isLocked": "false",
            "name": "Child"
          }
        },
        {
          "rel": "System.LinkTypes.Hierarchy-Forward",
          "url": "https://dev.azure.com/studiovandyr/_apis/wit/workItems/309",
          "attributes": {
            "isLocked": "false",
            "name": "Child"
          }
        },
        {
          "rel": "System.LinkTypes.Hierarchy-Forward",
          "url": "https://dev.azure.com/studiovandyr/_apis/wit/workItems/314",
          "attributes": {
            "isLocked": "false",
            "name": "Child"
          }
        },
        {
          "rel": "System.LinkTypes.Hierarchy-Forward",
          "url": "https://dev.azure.com/studiovandyr/_apis/wit/workItems/312",
          "attributes": {
            "isLocked": "false",
            "name": "Child"
          }
        },
        {
          "rel": "System.LinkTypes.Hierarchy-Forward",
          "url": "https://dev.azure.com/studiovandyr/_apis/wit/workItems/310",
          "attributes": {
            "isLocked": "false",
            "name": "Child"
          }
        },
        {
          "rel": "System.LinkTypes.Hierarchy-Forward",
          "url": "https://dev.azure.com/studiovandyr/_apis/wit/workItems/315",
          "attributes": {
            "isLocked": "false",
            "name": "Child"
          }
        },
        {
          "rel": "System.LinkTypes.Hierarchy-Forward",
          "url": "https://dev.azure.com/studiovandyr/_apis/wit/workItems/311",
          "attributes": {
            "isLocked": "false",
            "name": "Child"
          }
        }
      ],
      "url": "https://dev.azure.com/studiovandyr/_apis/wit/workItems/268"
    },
    {
      "id": 267,
      "rev": 5,
      "fields": {
        "System.AreaPath": "Azure Zero Trust",
        "System.TeamProject": "Azure Zero Trust",
        "System.IterationPath": "Azure Zero Trust",
        "System.WorkItemType": "Feature",
        "System.State": "New",
        "System.Reason": "New",
        "System.CreatedDate": "2020-03-22T16:12:53.523Z",
        "System.CreatedBy": "Vandy Rodrigues <vandyr@microsoft.com>",
        "System.ChangedDate": "2020-03-23T13:50:31.92Z",
        "System.ChangedBy": "Vandy Rodrigues <vandyr@microsoft.com>",
        "System.Title": "Monitoring Cloud Security for Zero Trust with Azure Sentinel",
        "Microsoft.VSTS.Scheduling.Effort": 0.0,
        "System.Description": "<div><a href=\"https://devblogs.microsoft.com/azuregov/monitoring-cloud-security-for-zero-trust-with-azure-sentinel-3-of-6/\">https://devblogs.microsoft.com/azuregov/monitoring-cloud-security-for-zero-trust-with-azure-sentinel-3-of-6/</a><br></div><div><br></div><div><h5 style=\"box-sizing:border-box;margin-top:0px;margin-bottom:0.5rem;font-family:&quot;Segoe UI&quot;;color:rgb(51, 51, 51);font-size:1.25rem;text-align:left;\"><strong style=\"box-sizing:border-box;font-weight:bolder;\">How do we conduct security monitoring for zero trust?</strong></h5><p style=\"box-sizing:border-box;margin-top:0px;margin-bottom:1rem;color:rgb(51, 51, 51);font-family:&quot;Segoe UI&quot;, &quot;Segoe UI Web Regular&quot;, &quot;Segoe UI Regular WestEuropean&quot;, &quot;Segoe UI&quot;, Tahoma, Arial, Roboto, &quot;Helvetica Neue&quot;, sans-serif, &quot;Apple Color Emoji&quot;, &quot;Segoe UI Emoji&quot;, &quot;Segoe UI Symbol&quot;;font-size:17px;text-align:left;\">The Microsoft<span>&nbsp;</span><a href=\"https://download.microsoft.com/download/f/9/2/f92129bc-0d6e-4b8e-a47b-288432bae68e/Zero_Trust_Vision_Paper_Final%2010.28.pdf\" target=_blank style=\"box-sizing:border-box;color:rgb(0, 93, 166);text-decoration:underline;\">Zero Trust vision paper</a><span>&nbsp;</span>outlines three principles of Zero Trust: Verify Explicitly, Least Privilege Access and Assume Breach. These principles include strategy recommendations such as continuously measuring trust and risk. Zero Trust requires security monitoring to ensure both trustworthiness of users and resources. Security monitoring is optimally based in a Security Information and Event Management (SIEM) solution which aggregates logs across the environment for security insights. Zero Trust highlights several key areas of security monitoring which include file, email, web, network and access controls.</p><h5 style=\"box-sizing:border-box;margin-top:0px;margin-bottom:0.5rem;font-family:&quot;Segoe UI&quot;;color:rgb(51, 51, 51);font-size:1.25rem;text-align:left;\"><strong style=\"box-sizing:border-box;font-weight:bolder;\">Defining Zero Trust governance based on federal standards</strong></h5><p style=\"box-sizing:border-box;margin-top:0px;margin-bottom:1rem;color:rgb(51, 51, 51);font-family:&quot;Segoe UI&quot;, &quot;Segoe UI Web Regular&quot;, &quot;Segoe UI Regular WestEuropean&quot;, &quot;Segoe UI&quot;, Tahoma, Arial, Roboto, &quot;Helvetica Neue&quot;, sans-serif, &quot;Apple Color Emoji&quot;, &quot;Segoe UI Emoji&quot;, &quot;Segoe UI Symbol&quot;;font-size:17px;text-align:left;\">Governance definition is a critical precursor to any Zero Trust initiative. For this blog we’ve leveraged TIC 3.0 for Zero Trust access control policies and aligned with respective NIST CSF and NIST SP 800-53 controls.</p><ul style=\"box-sizing:border-box;margin-top:0px;margin-bottom:1rem;color:rgb(51, 51, 51);font-family:&quot;Segoe UI&quot;, &quot;Segoe UI Web Regular&quot;, &quot;Segoe UI Regular WestEuropean&quot;, &quot;Segoe UI&quot;, Tahoma, Arial, Roboto, &quot;Helvetica Neue&quot;, sans-serif, &quot;Apple Color Emoji&quot;, &quot;Segoe UI Emoji&quot;, &quot;Segoe UI Symbol&quot;;font-size:17px;text-align:left;\"><li style=\"box-sizing:border-box;\"><strong style=\"box-sizing:border-box;font-weight:bolder;\">Trusted Internet Connections (TIC)</strong><span>&nbsp;</span>is a federal cybersecurity initiative to enhance network and perimeter security across the United States federal government. The TIC initiative is a collaborative effort between the Office of Management and Budget (OMB), the Department of Homeland Security (DHS) Cybersecurity and Infrastructure Security Agency (CISA), and the General Services Administration (GSA).[i] The<span>&nbsp;</span><a href=\"https://www.cisa.gov/sites/default/files/publications/Draft%20TIC%203.0%20Vol.%203%20Security%20Capabilities%20Handbook.pdf\" target=_blank style=\"box-sizing:border-box;color:rgb(0, 93, 166);text-decoration:underline;\">TIC 3.0: Volume 3 Security Capabilities Handbook</a><span>&nbsp;</span>provides various security controls, applications and best practice for risk management in federal information systems.</li><li style=\"box-sizing:border-box;\"><strong style=\"box-sizing:border-box;font-weight:bolder;\">NIST Cybersecurity Framework.<span>&nbsp;</span></strong>The National Institute of Standards and Technology (NIST) developed the Cybersecurity Framework to address risks highlighted in the Cybersecurity Enhancement Act of 2014 with a goal to identify “a prioritized, flexible, repeatable, performance-based, and cost effective approach, including information security measures and controls that may be voluntarily adopted by owners and operators of critical infrastructure to help them identify, assess, and manage cyber risks.”[ii] The<span>&nbsp;</span><a href=\"https://nvlpubs.nist.gov/nistpubs/CSWP/NIST.CSWP.04162018.pdf\" target=_blank style=\"box-sizing:border-box;color:rgb(0, 93, 166);text-decoration:underline;\">Framework for Improving Critical Infrastructure Cybersecurity</a><span>&nbsp;</span>outlines these principles.</li><li style=\"box-sizing:border-box;\"><strong style=\"box-sizing:border-box;font-weight:bolder;\">NIST SP 800-53 R4.</strong><span>&nbsp;</span>This publication “provides a catalog of security and privacy controls for federal information systems and organizations and a process for selecting controls to protect organizational operations (including mission, functions, image, and reputation), organizational assets, individuals, other organizations, and the Nation from a diverse set of threats including hostile cyber-attacks, natural disasters, structural failures, and human errors (both intentional and unintentional).”[iii]<span>&nbsp;</span><a href=\"https://nvlpubs.nist.gov/nistpubs/SpecialPublications/NIST.SP.800-53r4.pdf\" target=_blank style=\"box-sizing:border-box;color:rgb(0, 93, 166);text-decoration:underline;\">NIST SP 800-53 Rev 4</a><span>&nbsp;</span>outlines the security and privacy controls for federal information systems and organizations.</li></ul><p style=\"box-sizing:border-box;margin-top:0px;margin-bottom:1rem;color:rgb(51, 51, 51);font-family:&quot;Segoe UI&quot;, &quot;Segoe UI Web Regular&quot;, &quot;Segoe UI Regular WestEuropean&quot;, &quot;Segoe UI&quot;, Tahoma, Arial, Roboto, &quot;Helvetica Neue&quot;, sans-serif, &quot;Apple Color Emoji&quot;, &quot;Segoe UI Emoji&quot;, &quot;Segoe UI Symbol&quot;;font-size:17px;text-align:left;\">In Azure Government, we cross-reference TIC 3.0, NIST Cybersecurity Framework and NIST SP 800-53 Rev4 to align requirements for implementing Zero Trust models. Our third focus point is security monitoring for Zero Trust and these documents have a wealth of information aligned to these principles. The diagram below highlights the key takeaways and requirements from the standards.</p><p style=\"box-sizing:border-box;margin-top:0px;margin-bottom:1rem;color:rgb(51, 51, 51);font-family:&quot;Segoe UI&quot;, &quot;Segoe UI Web Regular&quot;, &quot;Segoe UI Regular WestEuropean&quot;, &quot;Segoe UI&quot;, Tahoma, Arial, Roboto, &quot;Helvetica Neue&quot;, sans-serif, &quot;Apple Color Emoji&quot;, &quot;Segoe UI Emoji&quot;, &quot;Segoe UI Symbol&quot;;font-size:17px;text-align:left;\"><a href=\"http://devblogs.microsoft.com/azuregov/wp-content/uploads/sites/43/2020/02/Chart-1.jpg\" style=\"box-sizing:border-box;color:rgb(0, 93, 166);text-decoration:underline;\"><img src=\"https://devblogs.microsoft.com/azuregov/wp-content/uploads/sites/43/2020/02/Chart-1.jpg\" alt=\"Image Chart 1\" width=877 height=722 style=\"box-sizing:border-box;vertical-align:middle;border-style:none;max-width:100%;cursor:zoom-in;\"></a></p><p style=\"box-sizing:border-box;margin-top:0px;margin-bottom:1rem;color:rgb(51, 51, 51);font-family:&quot;Segoe UI&quot;, &quot;Segoe UI Web Regular&quot;, &quot;Segoe UI Regular WestEuropean&quot;, &quot;Segoe UI&quot;, Tahoma, Arial, Roboto, &quot;Helvetica Neue&quot;, sans-serif, &quot;Apple Color Emoji&quot;, &quot;Segoe UI Emoji&quot;, &quot;Segoe UI Symbol&quot;;font-size:17px;text-align:left;\"><a href=\"http://devblogs.microsoft.com/azuregov/wp-content/uploads/sites/43/2020/02/Chart-2.jpg\" style=\"box-sizing:border-box;color:rgb(0, 93, 166);text-decoration:underline;\"><img src=\"http://devblogs.microsoft.com/azuregov/wp-content/uploads/sites/43/2020/02/Chart-2.jpg\" alt=\"Image Chart 2\" width=879 height=762 style=\"box-sizing:border-box;vertical-align:middle;border-style:none;max-width:100%;cursor:zoom-in;\"></a></p><p style=\"box-sizing:border-box;margin-top:0px;margin-bottom:1rem;color:rgb(51, 51, 51);font-family:&quot;Segoe UI&quot;, &quot;Segoe UI Web Regular&quot;, &quot;Segoe UI Regular WestEuropean&quot;, &quot;Segoe UI&quot;, Tahoma, Arial, Roboto, &quot;Helvetica Neue&quot;, sans-serif, &quot;Apple Color Emoji&quot;, &quot;Segoe UI Emoji&quot;, &quot;Segoe UI Symbol&quot;;font-size:17px;text-align:left;\"><a href=\"http://devblogs.microsoft.com/azuregov/wp-content/uploads/sites/43/2020/02/Chart-3.jpg\" style=\"box-sizing:border-box;color:rgb(0, 93, 166);text-decoration:underline;\"><img src=\"http://devblogs.microsoft.com/azuregov/wp-content/uploads/sites/43/2020/02/Chart-3.jpg\" alt=\"Image Chart 3\" width=879 height=372 style=\"box-sizing:border-box;vertical-align:middle;border-style:none;max-width:100%;cursor:zoom-in;\"></a></p><p style=\"box-sizing:border-box;margin-top:0px;margin-bottom:1rem;color:rgb(51, 51, 51);font-family:&quot;Segoe UI&quot;, &quot;Segoe UI Web Regular&quot;, &quot;Segoe UI Regular WestEuropean&quot;, &quot;Segoe UI&quot;, Tahoma, Arial, Roboto, &quot;Helvetica Neue&quot;, sans-serif, &quot;Apple Color Emoji&quot;, &quot;Segoe UI Emoji&quot;, &quot;Segoe UI Symbol&quot;;font-size:17px;text-align:left;\">&nbsp;</p><h5 style=\"box-sizing:border-box;margin-top:0px;margin-bottom:0.5rem;font-family:&quot;Segoe UI&quot;;color:rgb(51, 51, 51);font-size:1.25rem;text-align:left;\"><strong style=\"box-sizing:border-box;font-weight:bolder;\">Monitoring Cloud Security for Zero Trust with Azure Sentinel</strong></h5><p style=\"box-sizing:border-box;margin-top:0px;margin-bottom:1rem;color:rgb(51, 51, 51);font-family:&quot;Segoe UI&quot;, &quot;Segoe UI Web Regular&quot;, &quot;Segoe UI Regular WestEuropean&quot;, &quot;Segoe UI&quot;, Tahoma, Arial, Roboto, &quot;Helvetica Neue&quot;, sans-serif, &quot;Apple Color Emoji&quot;, &quot;Segoe UI Emoji&quot;, &quot;Segoe UI Symbol&quot;;font-size:17px;text-align:left;\">Microsoft Azure Government has developed an 11-step process for monitoring cloud security in federal information systems which is aligned with the security monitoring principles within the NIST, OMB, and CISA Zero Trust frameworks. Microsoft Azure has several offerings for security monitoring including<span>&nbsp;</span><a href=\"https://azure.microsoft.com/en-us/services/azure-sentinel/\" target=_blank style=\"box-sizing:border-box;color:rgb(0, 93, 166);text-decoration:underline;\">Azure Sentinel</a>,<span>&nbsp;</span><a href=\"https://azure.microsoft.com/en-us/services/ddos-protection/\" target=_blank style=\"box-sizing:border-box;color:rgb(0, 93, 166);text-decoration:underline;\">Azure DDoS Protection</a>,<span>&nbsp;</span><a href=\"https://azure.microsoft.com/en-us/services/azure-firewall/\" target=_blank style=\"box-sizing:border-box;color:rgb(0, 93, 166);text-decoration:underline;\">Azure Firewall</a>,<span>&nbsp;</span><a href=\"https://azure.microsoft.com/en-us/services/web-application-firewall/\" target=_blank style=\"box-sizing:border-box;color:rgb(0, 93, 166);text-decoration:underline;\">Azure Web Application Firewall</a><span>&nbsp;</span>and<span>&nbsp;</span><a href=\"https://docs.microsoft.com/en-us/azure/virtual-network/security-overview\" target=_blank style=\"box-sizing:border-box;color:rgb(0, 93, 166);text-decoration:underline;\">Network Security Groups</a>.<span>&nbsp;</span><em style=\"box-sizing:border-box;\">It’s important to note that Azure Sentinel is currently only available in the Azure Commercial cloud, but stay tuned to<span>&nbsp;</span></em><a href=\"https://azure.microsoft.com/en-us/global-infrastructure/government/\" target=_blank style=\"box-sizing:border-box;color:rgb(0, 93, 166);text-decoration:underline;\"><em style=\"box-sizing:border-box;\">Azure Government</em></a><em style=\"box-sizing:border-box;\"><span>&nbsp;</span>for updates.</em></p><ul style=\"box-sizing:border-box;margin-top:0px;margin-bottom:1rem;color:rgb(51, 51, 51);font-family:&quot;Segoe UI&quot;, &quot;Segoe UI Web Regular&quot;, &quot;Segoe UI Regular WestEuropean&quot;, &quot;Segoe UI&quot;, Tahoma, Arial, Roboto, &quot;Helvetica Neue&quot;, sans-serif, &quot;Apple Color Emoji&quot;, &quot;Segoe UI Emoji&quot;, &quot;Segoe UI Symbol&quot;;font-size:17px;text-align:left;\"><li style=\"box-sizing:border-box;\"><strong style=\"box-sizing:border-box;font-weight:bolder;\">Azure Sentinel</strong><span>&nbsp;</span>is a scalable, cloud-native, security information event management (SIEM) and security orchestration automated response (SOAR) solution.</li><li style=\"box-sizing:border-box;\"><strong style=\"box-sizing:border-box;font-weight:bolder;\">Azure DDoS Protection<span>&nbsp;</span></strong>protects against Distributed denial of service (DDoS) attacks which are some of the largest availability and security concerns facing customers that are moving their applications to the cloud.</li><li style=\"box-sizing:border-box;\"><strong style=\"box-sizing:border-box;font-weight:bolder;\">Azure Firewall<span>&nbsp;</span></strong>is a managed, cloud-based network security service that protects your Azure Virtual Network resources. It’s a fully stateful firewall as a service with built-in high availability and unrestricted cloud scalability.</li><li style=\"box-sizing:border-box;\"><strong style=\"box-sizing:border-box;font-weight:bolder;\">Azure Web Application Firewall<span>&nbsp;</span></strong>protects your applications from common web vulnerabilities such as SQL injection and cross-site scripting, and lets you customize rules to reduce false positives.</li><li style=\"box-sizing:border-box;\"><strong style=\"box-sizing:border-box;font-weight:bolder;\">Network Security Group<span>&nbsp;</span></strong>contains security rules that allow or deny inbound network traffic to, or outbound network traffic from, several types of Azure resources.</li></ul><div><font color=\"#333333\" face=\"Segoe UI, Segoe UI Web Regular, Segoe UI Regular WestEuropean, Segoe UI, Tahoma, Arial, Roboto, Helvetica Neue, sans-serif, Apple Color Emoji, Segoe UI Emoji, Segoe UI Symbol\"><span style=\"font-size:17px;\"><h5 style=\"box-sizing:border-box;margin-top:0px;margin-bottom:0.5rem;font-family:&quot;Segoe UI&quot;;font-size:1.25rem;text-align:left;\"><strong style=\"box-sizing:border-box;font-weight:bolder;\">11 steps to monitoring cloud security for Zero Trust with Azure Sentinel<br style=\"box-sizing:border-box;\"></strong></h5><p style=\"box-sizing:border-box;margin-top:0px;margin-bottom:1rem;font-family:&quot;Segoe UI&quot;, &quot;Segoe UI Web Regular&quot;, &quot;Segoe UI Regular WestEuropean&quot;, &quot;Segoe UI&quot;, Tahoma, Arial, Roboto, &quot;Helvetica Neue&quot;, sans-serif, &quot;Apple Color Emoji&quot;, &quot;Segoe UI Emoji&quot;, &quot;Segoe UI Symbol&quot;;text-align:left;\"><a href=\"http://devblogs.microsoft.com/azuregov/wp-content/uploads/sites/43/2020/02/Blog3-11steps.png\" style=\"box-sizing:border-box;color:rgb(0, 93, 166);text-decoration:underline;\"><img src=\"http://devblogs.microsoft.com/azuregov/wp-content/uploads/sites/43/2020/02/Blog3-11steps.png\" alt=\"\" width=685 height=387 style=\"box-sizing:border-box;vertical-align:middle;border-style:none;max-width:100%;margin:0px auto;display:block;cursor:zoom-in;\"></a></p><br></span></font></div><br></div>",
        "System.AssignedTo": null,
        "Microsoft.VSTS.Scheduling.RemainingWork": 0.0,
        "Microsoft.VSTS.Common.Priority": 2.0,
        "System.BoardLane": null,
        "System.Tags": "Azure_Sentinel",
        "Microsoft.VSTS.TCM.Steps": null,
        "Microsoft.VSTS.TCM.Parameters": null,
        "Microsoft.VSTS.TCM.LocalDataSource": null,
        "Microsoft.VSTS.TCM.AutomationStatus": null,
        "System.History": null
      },
      "relations": [
        {
          "rel": "System.LinkTypes.Hierarchy-Forward",
          "url": "https://dev.azure.com/studiovandyr/_apis/wit/workItems/304",
          "attributes": {
            "isLocked": "false",
            "name": "Child"
          }
        },
        {
          "rel": "System.LinkTypes.Hierarchy-Forward",
          "url": "https://dev.azure.com/studiovandyr/_apis/wit/workItems/303",
          "attributes": {
            "isLocked": "false",
            "name": "Child"
          }
        },
        {
          "rel": "System.LinkTypes.Hierarchy-Forward",
          "url": "https://dev.azure.com/studiovandyr/_apis/wit/workItems/301",
          "attributes": {
            "isLocked": "false",
            "name": "Child"
          }
        },
        {
          "rel": "System.LinkTypes.Hierarchy-Forward",
          "url": "https://dev.azure.com/studiovandyr/_apis/wit/workItems/302",
          "attributes": {
            "isLocked": "false",
            "name": "Child"
          }
        },
        {
          "rel": "System.LinkTypes.Hierarchy-Forward",
          "url": "https://dev.azure.com/studiovandyr/_apis/wit/workItems/300",
          "attributes": {
            "isLocked": "false",
            "name": "Child"
          }
        },
        {
          "rel": "System.LinkTypes.Hierarchy-Forward",
          "url": "https://dev.azure.com/studiovandyr/_apis/wit/workItems/306",
          "attributes": {
            "isLocked": "false",
            "name": "Child"
          }
        },
        {
          "rel": "System.LinkTypes.Hierarchy-Forward",
          "url": "https://dev.azure.com/studiovandyr/_apis/wit/workItems/307",
          "attributes": {
            "isLocked": "false",
            "name": "Child"
          }
        },
        {
          "rel": "System.LinkTypes.Hierarchy-Forward",
          "url": "https://dev.azure.com/studiovandyr/_apis/wit/workItems/308",
          "attributes": {
            "isLocked": "false",
            "name": "Child"
          }
        },
        {
          "rel": "System.LinkTypes.Hierarchy-Forward",
          "url": "https://dev.azure.com/studiovandyr/_apis/wit/workItems/305",
          "attributes": {
            "isLocked": "false",
            "name": "Child"
          }
        }
      ],
      "url": "https://dev.azure.com/studiovandyr/_apis/wit/workItems/267"
    },
    {
      "id": 266,
      "rev": 4,
      "fields": {
        "System.AreaPath": "Azure Zero Trust",
        "System.TeamProject": "Azure Zero Trust",
        "System.IterationPath": "Azure Zero Trust",
        "System.WorkItemType": "Feature",
        "System.State": "New",
        "System.Reason": "New",
        "System.CreatedDate": "2020-03-22T16:12:14.467Z",
        "System.CreatedBy": "Vandy Rodrigues <vandyr@microsoft.com>",
        "System.ChangedDate": "2020-03-23T13:50:31.92Z",
        "System.ChangedBy": "Vandy Rodrigues <vandyr@microsoft.com>",
        "System.Title": "Protecting Cloud Workloads for Zero Trust with Azure Security Center",
        "Microsoft.VSTS.Scheduling.Effort": 0.0,
        "System.Description": null,
        "System.AssignedTo": null,
        "Microsoft.VSTS.Scheduling.RemainingWork": 0.0,
        "Microsoft.VSTS.Common.Priority": 2.0,
        "System.BoardLane": null,
        "System.Tags": "Azure_Security_Center",
        "Microsoft.VSTS.TCM.Steps": null,
        "Microsoft.VSTS.TCM.Parameters": null,
        "Microsoft.VSTS.TCM.LocalDataSource": null,
        "Microsoft.VSTS.TCM.AutomationStatus": null,
        "System.History": null
      },
      "relations": [
        {
          "rel": "System.LinkTypes.Hierarchy-Forward",
          "url": "https://dev.azure.com/studiovandyr/_apis/wit/workItems/296",
          "attributes": {
            "isLocked": "false",
            "name": "Child"
          }
        },
        {
          "rel": "System.LinkTypes.Hierarchy-Forward",
          "url": "https://dev.azure.com/studiovandyr/_apis/wit/workItems/294",
          "attributes": {
            "isLocked": "false",
            "name": "Child"
          }
        },
        {
          "rel": "System.LinkTypes.Hierarchy-Forward",
          "url": "https://dev.azure.com/studiovandyr/_apis/wit/workItems/298",
          "attributes": {
            "isLocked": "false",
            "name": "Child"
          }
        },
        {
          "rel": "System.LinkTypes.Hierarchy-Forward",
          "url": "https://dev.azure.com/studiovandyr/_apis/wit/workItems/299",
          "attributes": {
            "isLocked": "false",
            "name": "Child"
          }
        },
        {
          "rel": "System.LinkTypes.Hierarchy-Forward",
          "url": "https://dev.azure.com/studiovandyr/_apis/wit/workItems/297",
          "attributes": {
            "isLocked": "false",
            "name": "Child"
          }
        },
        {
          "rel": "System.LinkTypes.Hierarchy-Forward",
          "url": "https://dev.azure.com/studiovandyr/_apis/wit/workItems/292",
          "attributes": {
            "isLocked": "false",
            "name": "Child"
          }
        },
        {
          "rel": "System.LinkTypes.Hierarchy-Forward",
          "url": "https://dev.azure.com/studiovandyr/_apis/wit/workItems/293",
          "attributes": {
            "isLocked": "false",
            "name": "Child"
          }
        },
        {
          "rel": "System.LinkTypes.Hierarchy-Forward",
          "url": "https://dev.azure.com/studiovandyr/_apis/wit/workItems/291",
          "attributes": {
            "isLocked": "false",
            "name": "Child"
          }
        },
        {
          "rel": "System.LinkTypes.Hierarchy-Forward",
          "url": "https://dev.azure.com/studiovandyr/_apis/wit/workItems/295",
          "attributes": {
            "isLocked": "false",
            "name": "Child"
          }
        }
      ],
      "url": "https://dev.azure.com/studiovandyr/_apis/wit/workItems/266"
    },
    {
      "id": 265,
      "rev": 6,
      "fields": {
        "System.AreaPath": "Azure Zero Trust",
        "System.TeamProject": "Azure Zero Trust",
        "System.IterationPath": "Azure Zero Trust",
        "System.WorkItemType": "Feature",
        "System.State": "New",
        "System.Reason": "New",
        "System.CreatedDate": "2020-03-22T16:11:22.1Z",
        "System.CreatedBy": "Vandy Rodrigues <vandyr@microsoft.com>",
        "System.ChangedDate": "2020-03-23T13:50:31.92Z",
        "System.ChangedBy": "Vandy Rodrigues <vandyr@microsoft.com>",
        "System.Title": "Implementing Zero Trust with Microsoft Azure: Identity and Access Management",
        "Microsoft.VSTS.Scheduling.Effort": 0.0,
        "System.Description": "<div><a href=\"https://devblogs.microsoft.com/azuregov/implementing-zero-trust-with-microsoft-azure-identity-and-access-management-1-of-6/\">https://devblogs.microsoft.com/azuregov/implementing-zero-trust-with-microsoft-azure-identity-and-access-management-1-of-6/</a><br></div>",
        "System.AssignedTo": null,
        "Microsoft.VSTS.Scheduling.RemainingWork": 0.0,
        "Microsoft.VSTS.Common.Priority": 2.0,
        "System.BoardLane": null,
        "System.Tags": "Access_Management; Identity",
        "Microsoft.VSTS.TCM.Steps": null,
        "Microsoft.VSTS.TCM.Parameters": null,
        "Microsoft.VSTS.TCM.LocalDataSource": null,
        "Microsoft.VSTS.TCM.AutomationStatus": null,
        "System.History": null
      },
      "relations": [
        {
          "rel": "System.LinkTypes.Hierarchy-Forward",
          "url": "https://dev.azure.com/studiovandyr/_apis/wit/workItems/286",
          "attributes": {
            "isLocked": "false",
            "name": "Child"
          }
        },
        {
          "rel": "System.LinkTypes.Hierarchy-Forward",
          "url": "https://dev.azure.com/studiovandyr/_apis/wit/workItems/287",
          "attributes": {
            "isLocked": "false",
            "name": "Child"
          }
        },
        {
          "rel": "System.LinkTypes.Hierarchy-Forward",
          "url": "https://dev.azure.com/studiovandyr/_apis/wit/workItems/289",
          "attributes": {
            "isLocked": "false",
            "name": "Child"
          }
        },
        {
          "rel": "System.LinkTypes.Hierarchy-Forward",
          "url": "https://dev.azure.com/studiovandyr/_apis/wit/workItems/288",
          "attributes": {
            "isLocked": "false",
            "name": "Child"
          }
        },
        {
          "rel": "System.LinkTypes.Hierarchy-Forward",
          "url": "https://dev.azure.com/studiovandyr/_apis/wit/workItems/290",
          "attributes": {
            "isLocked": "false",
            "name": "Child"
          }
        },
        {
          "rel": "System.LinkTypes.Hierarchy-Forward",
          "url": "https://dev.azure.com/studiovandyr/_apis/wit/workItems/282",
          "attributes": {
            "isLocked": "false",
            "name": "Child"
          }
        },
        {
          "rel": "System.LinkTypes.Hierarchy-Forward",
          "url": "https://dev.azure.com/studiovandyr/_apis/wit/workItems/283",
          "attributes": {
            "isLocked": "false",
            "name": "Child"
          }
        },
        {
          "rel": "System.LinkTypes.Hierarchy-Forward",
          "url": "https://dev.azure.com/studiovandyr/_apis/wit/workItems/281",
          "attributes": {
            "isLocked": "false",
            "name": "Child"
          }
        },
        {
          "rel": "System.LinkTypes.Hierarchy-Forward",
          "url": "https://dev.azure.com/studiovandyr/_apis/wit/workItems/280",
          "attributes": {
            "isLocked": "false",
            "name": "Child"
          }
        },
        {
          "rel": "System.LinkTypes.Hierarchy-Forward",
          "url": "https://dev.azure.com/studiovandyr/_apis/wit/workItems/284",
          "attributes": {
            "isLocked": "false",
            "name": "Child"
          }
        },
        {
          "rel": "System.LinkTypes.Hierarchy-Forward",
          "url": "https://dev.azure.com/studiovandyr/_apis/wit/workItems/285",
          "attributes": {
            "isLocked": "false",
            "name": "Child"
          }
        },
        {
          "rel": "System.LinkTypes.Hierarchy-Forward",
          "url": "https://dev.azure.com/studiovandyr/_apis/wit/workItems/279",
          "attributes": {
            "isLocked": "false",
            "name": "Child"
          }
        }
      ],
      "url": "https://dev.azure.com/studiovandyr/_apis/wit/workItems/265"
    }
  ],
  "HttpStatusCode": 0,
  "Message": null
}